"","brand","numbers"
"1","Alfa-Romeo",7
"2","Audi",127
"3","Bentley",2
"4","BMW",156
"5","Cadillac",4
"6","Chery",1
"7","Chevrolet",15
"8","Chrysler",7
"9","Citroen",5
"10","Daewoo",1
"11","Daihatsu",1
"12","Dodge",9
"13","Ferrari",2
"14","Fiat",3
"15","Ford",211
"16","GMC",4
"17","Great-Wall",3
"18","HAVAL",1
"19","Holden",191
"20","Honda",254
"21","Hyundai",90
"22","Isuzu",21
"23","Jaguar",22
"24","Jeep",30
"25","Kia",36
"26","Lamborghini",2
"27","Land-Rover",42
"28","LDV",2
"29","Lexus",26
"30","Maserati",3
"31","Mazda",324
"32","Mercedes",1
"33","Mercedes-Benz",117
"34","MG",2
"35","MINI",24
"36","Mitsubishi",129
"37","Morris",1
"38","Nissan",428
"39","Other",4
"40","Peugeot",16
"41","Porsche",16
"42","Ram",1
"43","Renault",2
"44","Rolls-Royce",1
"45","Rover",1
"46","SEAT",3
"47","Skoda",11
"48","Smart",1
"49","Ssangyong",6
"50","Subaru",131
"51","Suzuki",138
"52","Tesla",2
"53","Toyota",695
"54","Vauxhall",1
"55","Volkswagen",145
"56","Volvo",22
